content,sentiment,lang,word_count
"Server sering lag, loading lama. Grinding terlalu berat. Turn-based combat is smooth, character kit is fun to play",negative,mixed,18
"Grafiknya keren banget, storynya bikin betah. Gacha agak payah tapi masih enjoy. Turn-based combat is smooth, character kit is fun to play",positive,mixed,22
"Microtransaction terlalu agresif, berasa pay-to-win. :)",negative,id,6
"pity Update terbaru banyak bug dan crash, sangat mengecewakan. Great soundtrack and cutscenes",negative,mixed,13
"FPS drops on low-end phones, optimization needed. Karakter baru OP, desainnya memukau",negative,mixed,12
"Gacha is RNG hell, spent a lot but no pity. Really frustrated.",negative,en,12
"banner Gameplay turn-based seru, but grinding is brutal. meta",neutral,mixed,9
"banner Turn-based combat is smooth, character kit is fun to play. Cerita dan voice acting luar biasa, soundtracknya top banner-rate :)",positive,mixed,21
"Gameplay turn-based seru, but grinding is brutal.",neutral,mixed,7
"Microtransaction terlalu agresif, berasa pay-to-win.",negative,id,5
RNG GREAT SOUNDTRACK AND CUTSCENES. VISUALS ARE STUNNING. BANNER :),positive,en,10
"5-star buff Good balance overall, not pay-to-win, enjoyed the event. :)",positive,en,11
"Too much grinding required, stamina system sucks. RNG",negative,en,8
"grinding Turn-based combat is smooth, character kit is fun to play. banner-rate",positive,en,12
"gacha Gacha masih RNG, pity rate low. But storynya bagus sekali.",neutral,mixed,11
"Grafiknya keren banget, storynya bikin betah. Gacha agak payah tapi masih enjoy. Good balance overall, not pay-to-win, enjoyed the event",positive,mixed,20
"Turn-based combat is smooth, character kit is fun to play.",positive,en,10
"Crashes after the latest patch, needs urgent fix. banner-rate RNG :)",negative,en,11
"UPDATE TERBARU BANYAK BUG DAN CRASH, SANGAT MENGECEWAKAN. LOVE THE ART AND STORY, NO LAG ON MY DEVICE",negative,mixed,18
"Turn-based combat is smooth, character kit is fun to play.",positive,en,10
"Cerita dan voice acting luar biasa, soundtracknya top. Love the art and story, no lag on my device",positive,mixed,18
"GACHA MASIH RNG, PITY RATE LOW. BUT STORYNYA BAGUS SEKALI.",neutral,mixed,10
"Gacha parah, pity gak jelas. Udah tarik berkali-kali tetap gak dapet 5-star. Turn-based combat is smooth, character kit is fun to play",negative,mixed,22
"Good balance overall, not pay-to-win, enjoyed the event. :)",positive,en,9
"Gacha parah, pity gak jelas. Udah tarik berkali-kali tetap gak dapet 5-star. :)",negative,id,13
"Grafiknya keren banget, storynya bikin betah. Gacha agak payah tapi masih enjoy. Love the art and story, no lag on my device :)",positive,mixed,23
"Microtransaction terlalu agresif, berasa pay-to-win. Great soundtrack and cutscenes",negative,mixed,9
"Microtransaction terlalu agresif, berasa pay-to-win. :)",negative,id,6
"Grafiknya keren banget, storynya bikin betah. Gacha agak payah tapi masih enjoy.",positive,id,12
"turn-based Gacha parah, pity gak jelas. Udah tarik berkali-kali tetap gak dapet 5-star. grinding :)",negative,id,15
"Gacha parah, pity gak jelas. Udah tarik berkali-kali tetap gak dapet 5-star. Love the art and story, no lag on my device",negative,mixed,22
"pull sustain Suka gameplaynya, turn-based yang halus. Tidak ada lag di HP saya. :)",positive,id,14
"Turn-based combat is smooth, character kit is fun to play.",positive,en,10
"nerf Karakter baru OP, desainnya memukau. Banner worth to pull. Great soundtrack and cutscenes :)",positive,mixed,15
"Suka gameplaynya, turn-based yang halus. Tidak ada lag di HP saya. RNG sustain",positive,id,13
"Karakter baru OP, desainnya memukau. Banner worth to pull. :)",positive,id,10
"Gacha masih RNG, pity rate low. But storynya bagus sekali. :)",neutral,mixed,11
"Good balance overall, not pay-to-win, enjoyed the event.",positive,en,8
"meta Turn-based combat is smooth, character kit is fun to play. buff",positive,en,12
"Good balance overall, not pay-to-win, enjoyed the event. :)",positive,en,9
"nerf Update terbaru banyak bug dan crash, sangat mengecewakan. Turn-based combat is smooth, character kit is fun to play :)",negative,mixed,20
banner Great soundtrack and cutscenes. Visuals are stunning. :),positive,en,9
"Too much grinding required, stamina system sucks. :)",negative,en,8
"Cerita dan voice acting luar biasa, soundtracknya top. Turn-based combat is smooth, character kit is fun to play",positive,mixed,18
"Gacha is RNG hell, spent a lot but no pity. Really frustrated. banner-rate",negative,en,13
"Good balance overall, not pay-to-win, enjoyed the event.",positive,en,8
"Server sering lag, loading lama. Grinding terlalu berat. Great soundtrack and cutscenes banner-rate",negative,mixed,13
"Too much grinding required, stamina system sucks.",negative,en,7
"GREAT VISUALS TAPI BANYAK BUG SETELAH UPDATE, PLEASE FIX. :)",neutral,mixed,10
"Gacha masih RNG, pity rate low. But storynya bagus sekali. pull sustain :)",neutral,mixed,13
"Gacha masih RNG, pity rate low. But storynya bagus sekali. :)",neutral,mixed,11
"Update terbaru banyak bug dan crash, sangat mengecewakan.",negative,id,8
"Great visuals tapi banyak bug setelah update, please fix.",neutral,mixed,9
"FPS drops on low-end phones, optimization needed.",negative,en,7
"Good balance overall, not pay-to-win, enjoyed the event.",positive,en,8
"LOVE THE ART AND STORY, NO LAG ON MY DEVICE. BANNER FELT FAIR THIS TIME. SUKA GAMEPLAYNYA, TURN-BASED YANG HALUS",positive,mixed,20
"buff FPS drops on low-end phones, optimization needed. Cerita dan voice acting luar biasa, soundtracknya top gacha",negative,mixed,17
"Cerita dan voice acting luar biasa, soundtracknya top.",positive,id,8
"Microtransaction terlalu agresif, berasa pay-to-win. Great soundtrack and cutscenes",negative,mixed,9
"Spent a lot for banner, still no 5-star, sangat kecewa.",neutral,mixed,10
"Gacha is RNG hell, spent a lot but no pity. Really frustrated. banner",negative,en,13
GREAT SOUNDTRACK AND CUTSCENES. VISUALS ARE STUNNING. :),positive,en,8
"Great soundtrack and cutscenes. Visuals are stunning. Grafiknya keren banget, storynya bikin betah",positive,mixed,13
"Spent a lot for banner, still no 5-star, sangat kecewa.",neutral,mixed,10
"banner Update terbaru banyak bug dan crash, sangat mengecewakan.",negative,id,9
"Great visuals tapi banyak bug setelah update, please fix.",neutral,mixed,9
"banner Gameplay turn-based seru, but grinding is brutal. pull",neutral,mixed,9
"gacha Gacha is RNG hell, spent a lot but no pity. Really frustrated. :)",negative,en,14
"Server sering lag, loading lama. Grinding terlalu berat.",negative,id,8
"Too much grinding required, stamina system sucks.",negative,en,7
"GREAT VISUALS TAPI BANYAK BUG SETELAH UPDATE, PLEASE FIX.",neutral,mixed,9
"Spent a lot for banner, still no 5-star, sangat kecewa.",neutral,mixed,10
"turn-based Karakter baru OP, desainnya memukau. Banner worth to pull. Turn-based combat is smooth, character kit is fun to play",positive,mixed,20
"Love the art and story, no lag on my device. Banner felt fair this time. Cerita dan voice acting luar biasa, soundtracknya top",positive,mixed,23
"Gacha is RNG hell, spent a lot but no pity. Really frustrated.",negative,en,12
"FPS drops on low-end phones, optimization needed. sustain :)",negative,en,9
"Suka gameplaynya, turn-based yang halus. Tidak ada lag di HP saya. Good balance overall, not pay-to-win, enjoyed the event buff 5-star :)",positive,mixed,22
"Suka gameplaynya, turn-based yang halus. Tidak ada lag di HP saya.",positive,id,11
"Good balance overall, not pay-to-win, enjoyed the event. Grafiknya keren banget, storynya bikin betah 5-star",positive,mixed,15
"GACHA MASIH RNG, PITY RATE LOW. BUT STORYNYA BAGUS SEKALI.",neutral,mixed,10
"Update terbaru banyak bug dan crash, sangat mengecewakan. :)",negative,id,9
"Update terbaru banyak bug dan crash, sangat mengecewakan. grinding",negative,id,9
"LOVE THE ART AND STORY, NO LAG ON MY DEVICE. BANNER FELT FAIR THIS TIME. :)",positive,en,16
"TURN-BASED COMBAT IS SMOOTH, CHARACTER KIT IS FUN TO PLAY. CERITA DAN VOICE ACTING LUAR BIASA, SOUNDTRACKNYA TOP",positive,mixed,18
"Cerita dan voice acting luar biasa, soundtracknya top. Turn-based combat is smooth, character kit is fun to play",positive,mixed,18
"FPS drops on low-end phones, optimization needed. Suka gameplaynya, turn-based yang halus",negative,mixed,12
"Karakter baru OP, desainnya memukau. Banner worth to pull.",positive,id,9
"Microtransaction terlalu agresif, berasa pay-to-win. RNG",negative,id,6
"Update terbaru banyak bug dan crash, sangat mengecewakan.",negative,id,8
"Great visuals tapi banyak bug setelah update, please fix.",neutral,mixed,9
"Spent a lot for banner, still no 5-star, sangat kecewa.",neutral,mixed,10
"Gameplay turn-based seru, but grinding is brutal. turn-based :)",neutral,mixed,9
"FPS drops on low-end phones, optimization needed. pity :)",negative,en,9
"Gacha masih RNG, pity rate low. But storynya bagus sekali.",neutral,mixed,10
"Cerita dan voice acting luar biasa, soundtracknya top. :)",positive,id,9
"GAMEPLAY TURN-BASED SERU, BUT GRINDING IS BRUTAL.",neutral,mixed,7
"pity Crashes after the latest patch, needs urgent fix.",negative,en,9
"grinding Good balance overall, not pay-to-win, enjoyed the event. meta",positive,en,10
"Spent a lot for banner, still no 5-star, sangat kecewa. :)",neutral,mixed,11
"Too much grinding required, stamina system sucks. meta",negative,en,8
"buff Server sering lag, loading lama. Grinding terlalu berat.",negative,id,9
"Good balance overall, not pay-to-win, enjoyed the event. Cerita dan voice acting luar biasa, soundtracknya top",positive,mixed,16
"turn-based Crashes after the latest patch, needs urgent fix. buff :)",negative,en,11
"pity Suka gameplaynya, turn-based yang halus. Tidak ada lag di HP saya. Great soundtrack and cutscenes RNG",positive,mixed,17
"FPS drops on low-end phones, optimization needed. :)",negative,en,8
"Grafiknya keren banget, storynya bikin betah. Gacha agak payah tapi masih enjoy. sustain pity :)",positive,id,15
"CERITA DAN VOICE ACTING LUAR BIASA, SOUNDTRACKNYA TOP. GOOD BALANCE OVERALL, NOT PAY-TO-WIN, ENJOYED THE EVENT :)",positive,mixed,17
"Spent a lot for banner, still no 5-star, sangat kecewa. pity RNG :)",neutral,mixed,13
"Spent a lot for banner, still no 5-star, sangat kecewa. buff",neutral,mixed,11
"Microtransaction terlalu agresif, berasa pay-to-win. pull",negative,id,6
"meta nerf Gameplay turn-based seru, but grinding is brutal.",neutral,mixed,9
"Spent a lot for banner, still no 5-star, sangat kecewa.",neutral,mixed,10
"Crashes after the latest patch, needs urgent fix.",negative,en,8
"Crashes after the latest patch, needs urgent fix. Karakter baru OP, desainnya memukau banner",negative,mixed,14
"Crashes after the latest patch, needs urgent fix.",negative,en,8
"Gacha parah, pity gak jelas. Udah tarik berkali-kali tetap gak dapet 5-star.",negative,id,12
"Great visuals tapi banyak bug setelah update, please fix. gacha",neutral,mixed,10
"nerf Too much grinding required, stamina system sucks. Suka gameplaynya, turn-based yang halus pull :)",negative,mixed,15
"GREAT VISUALS TAPI BANYAK BUG SETELAH UPDATE, PLEASE FIX. :)",neutral,mixed,10
"banner-rate Love the art and story, no lag on my device. Banner felt fair this time. Suka gameplaynya, turn-based yang halus",positive,mixed,21
"Microtransaction terlalu agresif, berasa pay-to-win.",negative,id,5
"TURN-BASED COMBAT IS SMOOTH, CHARACTER KIT IS FUN TO PLAY.",positive,en,10
"Too much grinding required, stamina system sucks. Karakter baru OP, desainnya memukau",negative,mixed,12
"Grafiknya keren banget, storynya bikin betah. Gacha agak payah tapi masih enjoy. Great soundtrack and cutscenes",positive,mixed,16
"Spent a lot for banner, still no 5-star, sangat kecewa.",neutral,mixed,10
"Gacha masih RNG, pity rate low. But storynya bagus sekali.",neutral,mixed,10
"GACHA MASIH RNG, PITY RATE LOW. BUT STORYNYA BAGUS SEKALI. :)",neutral,mixed,11
"SPENT A LOT FOR BANNER, STILL NO 5-STAR, SANGAT KECEWA. :)",neutral,mixed,11
"Gacha is RNG hell, spent a lot but no pity. Really frustrated.",negative,en,12
"Gacha is RNG hell, spent a lot but no pity. Really frustrated.",negative,en,12
"Microtransaction terlalu agresif, berasa pay-to-win.",negative,id,5
"Suka gameplaynya, turn-based yang halus. Tidak ada lag di HP saya. Great soundtrack and cutscenes",positive,mixed,15
Great soundtrack and cutscenes. Visuals are stunning. :),positive,en,8
"Spent a lot for banner, still no 5-star, sangat kecewa.",neutral,mixed,10
Great soundtrack and cutscenes. Visuals are stunning.,positive,en,7
"GACHA MASIH RNG, PITY RATE LOW. BUT STORYNYA BAGUS SEKALI. :)",neutral,mixed,11
"Gacha is RNG hell, spent a lot but no pity. Really frustrated. banner-rate",negative,en,13
"Gacha is RNG hell, spent a lot but no pity. Really frustrated.",negative,en,12
"sustain Turn-based combat is smooth, character kit is fun to play. turn-based",positive,en,12
"Gacha masih RNG, pity rate low. But storynya bagus sekali.",neutral,mixed,10
"Karakter baru OP, desainnya memukau. Banner worth to pull.",positive,id,9
"Gacha parah, pity gak jelas. Udah tarik berkali-kali tetap gak dapet 5-star. Turn-based combat is smooth, character kit is fun to play turn-based",negative,mixed,23
"Gacha parah, pity gak jelas. Udah tarik berkali-kali tetap gak dapet 5-star. Love the art and story, no lag on my device :)",negative,mixed,23
"Server sering lag, loading lama. Grinding terlalu berat. Love the art and story, no lag on my device :)",negative,mixed,19
"buff Gacha is RNG hell, spent a lot but no pity. Really frustrated. Grafiknya keren banget, storynya bikin betah",negative,mixed,19
"Cerita dan voice acting luar biasa, soundtracknya top. Good balance overall, not pay-to-win, enjoyed the event",positive,mixed,16
"gacha gacha Gacha masih RNG, pity rate low. But storynya bagus sekali.",neutral,mixed,12
"Gacha parah, pity gak jelas. Udah tarik berkali-kali tetap gak dapet 5-star. :)",negative,id,13
"pity RNG Too much grinding required, stamina system sucks. Grafiknya keren banget, storynya bikin betah :)",negative,mixed,16
"Turn-based combat is smooth, character kit is fun to play. buff banner-rate :)",positive,en,13
"sustain Love the art and story, no lag on my device. Banner felt fair this time. Cerita dan voice acting luar biasa, soundtracknya top RNG",positive,mixed,25
"Great visuals tapi banyak bug setelah update, please fix.",neutral,mixed,9
"Gacha masih RNG, pity rate low. But storynya bagus sekali.",neutral,mixed,10
"Love the art and story, no lag on my device. Banner felt fair this time. :)",positive,en,16
"Love the art and story, no lag on my device. Banner felt fair this time.",positive,en,15
"Gacha parah, pity gak jelas. Udah tarik berkali-kali tetap gak dapet 5-star.",negative,id,12
"Love the art and story, no lag on my device. Banner felt fair this time. Cerita dan voice acting luar biasa, soundtracknya top",positive,mixed,23
"Good balance overall, not pay-to-win, enjoyed the event. gacha banner-rate",positive,en,10
"Turn-based combat is smooth, character kit is fun to play.",positive,en,10
"Crashes after the latest patch, needs urgent fix.",negative,en,8
"Spent a lot for banner, still no 5-star, sangat kecewa.",neutral,mixed,10
"FPS drops on low-end phones, optimization needed. banner",negative,en,8
"Grafiknya keren banget, storynya bikin betah. Gacha agak payah tapi masih enjoy.",positive,id,12
"Too much grinding required, stamina system sucks.",negative,en,7
"Turn-based combat is smooth, character kit is fun to play. banner-rate",positive,en,11
"Update terbaru banyak bug dan crash, sangat mengecewakan.",negative,id,8
"Good balance overall, not pay-to-win, enjoyed the event. 5-star :)",positive,en,10
"Gacha is RNG hell, spent a lot but no pity. Really frustrated.",negative,en,12
"Gacha masih RNG, pity rate low. But storynya bagus sekali. :)",neutral,mixed,11
"Suka gameplaynya, turn-based yang halus. Tidak ada lag di HP saya.",positive,id,11
"CERITA DAN VOICE ACTING LUAR BIASA, SOUNDTRACKNYA TOP.",positive,id,8
"Update terbaru banyak bug dan crash, sangat mengecewakan. Great soundtrack and cutscenes",negative,mixed,12
"GAMEPLAY TURN-BASED SERU, BUT GRINDING IS BRUTAL.",neutral,mixed,7
"Cerita dan voice acting luar biasa, soundtracknya top. Great soundtrack and cutscenes :)",positive,mixed,13
"Gameplay turn-based seru, but grinding is brutal. pull",neutral,mixed,8
"Karakter baru OP, desainnya memukau. Banner worth to pull. Good balance overall, not pay-to-win, enjoyed the event pity buff",positive,mixed,19
"MICROTRANSACTION TERLALU AGRESIF, BERASA PAY-TO-WIN. GOOD BALANCE OVERALL, NOT PAY-TO-WIN, ENJOYED THE EVENT :)",negative,mixed,14
"banner-rate Great visuals tapi banyak bug setelah update, please fix. meta :)",neutral,mixed,12
"Spent a lot for banner, still no 5-star, sangat kecewa.",neutral,mixed,10
"Update terbaru banyak bug dan crash, sangat mengecewakan. Good balance overall, not pay-to-win, enjoyed the event :)",negative,mixed,17
"gacha Good balance overall, not pay-to-win, enjoyed the event. :)",positive,en,10
"sustain Great soundtrack and cutscenes. Visuals are stunning. Karakter baru OP, desainnya memukau",positive,mixed,13
"Server sering lag, loading lama. Grinding terlalu berat. :)",negative,id,9
"Great visuals tapi banyak bug setelah update, please fix.",neutral,mixed,9
"Crashes after the latest patch, needs urgent fix.",negative,en,8
"BUFF GACHA PARAH, PITY GAK JELAS. UDAH TARIK BERKALI-KALI TETAP GAK DAPET 5-STAR. GOOD BALANCE OVERALL, NOT PAY-TO-WIN, ENJOYED THE EVENT BANNER-RATE",negative,mixed,22
Great soundtrack and cutscenes. Visuals are stunning. :),positive,en,8
"turn-based Microtransaction terlalu agresif, berasa pay-to-win. turn-based :)",negative,id,8
"banner Gacha is RNG hell, spent a lot but no pity. Really frustrated.",negative,en,13
"GRAFIKNYA KEREN BANGET, STORYNYA BIKIN BETAH. GACHA AGAK PAYAH TAPI MASIH ENJOY.",positive,id,12
"Too much grinding required, stamina system sucks.",negative,en,7
"Suka gameplaynya, turn-based yang halus. Tidak ada lag di HP saya.",positive,id,11
"Karakter baru OP, desainnya memukau. Banner worth to pull. pity nerf",positive,id,11
"Gacha parah, pity gak jelas. Udah tarik berkali-kali tetap gak dapet 5-star. Great soundtrack and cutscenes",negative,mixed,16
"Turn-based combat is smooth, character kit is fun to play. nerf gacha :)",positive,en,13
"grinding buff Server sering lag, loading lama. Grinding terlalu berat. :)",negative,id,11
"Crashes after the latest patch, needs urgent fix.",negative,en,8
"Gacha is RNG hell, spent a lot but no pity. Really frustrated. Karakter baru OP, desainnya memukau",negative,mixed,17
"Server sering lag, loading lama. Grinding terlalu berat.",negative,id,8
"Grafiknya keren banget, storynya bikin betah. Gacha agak payah tapi masih enjoy. Good balance overall, not pay-to-win, enjoyed the event",positive,mixed,20
"Great visuals tapi banyak bug setelah update, please fix.",neutral,mixed,9
"Grafiknya keren banget, storynya bikin betah. Gacha agak payah tapi masih enjoy. RNG :)",positive,id,14
"Gameplay turn-based seru, but grinding is brutal.",neutral,mixed,7
"Update terbaru banyak bug dan crash, sangat mengecewakan. nerf :)",negative,id,10
"Server sering lag, loading lama. Grinding terlalu berat. Great soundtrack and cutscenes banner-rate grinding :)",negative,mixed,15
"Grafiknya keren banget, storynya bikin betah. Gacha agak payah tapi masih enjoy.",positive,id,12
"Karakter baru OP, desainnya memukau. Banner worth to pull.",positive,id,9
"Karakter baru OP, desainnya memukau. Banner worth to pull. :)",positive,id,10
"Update terbaru banyak bug dan crash, sangat mengecewakan.",negative,id,8
"RNG turn-based Spent a lot for banner, still no 5-star, sangat kecewa.",neutral,mixed,12
"banner-rate Server sering lag, loading lama. Grinding terlalu berat.",negative,id,9
"meta Gacha is RNG hell, spent a lot but no pity. Really frustrated. meta",negative,en,14
"FPS drops on low-end phones, optimization needed. Suka gameplaynya, turn-based yang halus pity gacha",negative,mixed,14
"GAMEPLAY TURN-BASED SERU, BUT GRINDING IS BRUTAL.",neutral,mixed,7
"Karakter baru OP, desainnya memukau. Banner worth to pull. turn-based",positive,id,10
Great soundtrack and cutscenes. Visuals are stunning. :),positive,en,8
"Great visuals tapi banyak bug setelah update, please fix.",neutral,mixed,9
"buff turn-based Server sering lag, loading lama. Grinding terlalu berat.",negative,id,10
Great soundtrack and cutscenes. Visuals are stunning.,positive,en,7
"Great visuals tapi banyak bug setelah update, please fix.",neutral,mixed,9
"Crashes after the latest patch, needs urgent fix. Suka gameplaynya, turn-based yang halus :)",negative,mixed,14
"Update terbaru banyak bug dan crash, sangat mengecewakan. Turn-based combat is smooth, character kit is fun to play 5-star",negative,mixed,19
"sustain Gacha is RNG hell, spent a lot but no pity. Really frustrated. buff",negative,en,14
"Gameplay turn-based seru, but grinding is brutal. :)",neutral,mixed,8
"Great visuals tapi banyak bug setelah update, please fix. :)",neutral,mixed,10
Great soundtrack and cutscenes. Visuals are stunning.,positive,en,7
"grinding Great soundtrack and cutscenes. Visuals are stunning. Grafiknya keren banget, storynya bikin betah RNG",positive,mixed,15
"Spent a lot for banner, still no 5-star, sangat kecewa.",neutral,mixed,10
"Microtransaction terlalu agresif, berasa pay-to-win.",negative,id,5
"Cerita dan voice acting luar biasa, soundtracknya top.",positive,id,8
"Turn-based combat is smooth, character kit is fun to play. Grafiknya keren banget, storynya bikin betah",positive,mixed,16
"Great visuals tapi banyak bug setelah update, please fix.",neutral,mixed,9
"sustain turn-based Suka gameplaynya, turn-based yang halus. Tidak ada lag di HP saya.",positive,id,13
"Gacha masih RNG, pity rate low. But storynya bagus sekali. sustain pity",neutral,mixed,12
"Server sering lag, loading lama. Grinding terlalu berat. banner pull",negative,id,10
"GACHA PARAH, PITY GAK JELAS. UDAH TARIK BERKALI-KALI TETAP GAK DAPET 5-STAR.",negative,id,12
"Suka gameplaynya, turn-based yang halus. Tidak ada lag di HP saya. sustain :)",positive,id,13
"Gameplay turn-based seru, but grinding is brutal. banner",neutral,mixed,8
"Great visuals tapi banyak bug setelah update, please fix.",neutral,mixed,9
"nerf Gameplay turn-based seru, but grinding is brutal. pity",neutral,mixed,9
"Love the art and story, no lag on my device. Banner felt fair this time.",positive,en,15
"Update terbaru banyak bug dan crash, sangat mengecewakan. Great soundtrack and cutscenes",negative,mixed,12
"Good balance overall, not pay-to-win, enjoyed the event.",positive,en,8
"Good balance overall, not pay-to-win, enjoyed the event. :)",positive,en,9
"Update terbaru banyak bug dan crash, sangat mengecewakan. :)",negative,id,9
Great soundtrack and cutscenes. Visuals are stunning.,positive,en,7
"gacha Spent a lot for banner, still no 5-star, sangat kecewa.",neutral,mixed,11
"Microtransaction terlalu agresif, berasa pay-to-win. Great soundtrack and cutscenes",negative,mixed,9
"nerf Suka gameplaynya, turn-based yang halus. Tidak ada lag di HP saya. 5-star",positive,id,13
"BANNER-RATE CRASHES AFTER THE LATEST PATCH, NEEDS URGENT FIX.",negative,en,9
"SERVER SERING LAG, LOADING LAMA. GRINDING TERLALU BERAT. :)",negative,id,9
"grinding Spent a lot for banner, still no 5-star, sangat kecewa. :)",neutral,mixed,12
"FPS drops on low-end phones, optimization needed.",negative,en,7
"Karakter baru OP, desainnya memukau. Banner worth to pull. turn-based",positive,id,10
"Gameplay turn-based seru, but grinding is brutal.",neutral,mixed,7
"Suka gameplaynya, turn-based yang halus. Tidak ada lag di HP saya. buff pull",positive,id,13
"sustain Gameplay turn-based seru, but grinding is brutal. turn-based",neutral,mixed,9
"buff Update terbaru banyak bug dan crash, sangat mengecewakan. buff :)",negative,id,11
"Suka gameplaynya, turn-based yang halus. Tidak ada lag di HP saya. pity banner",positive,id,13
"GAMEPLAY TURN-BASED SERU, BUT GRINDING IS BRUTAL. PULL GACHA",neutral,mixed,9
"Gameplay turn-based seru, but grinding is brutal.",neutral,mixed,7
"Suka gameplaynya, turn-based yang halus. Tidak ada lag di HP saya. grinding",positive,id,12
"Crashes after the latest patch, needs urgent fix. :)",negative,en,9
"Microtransaction terlalu agresif, berasa pay-to-win.",negative,id,5
Great soundtrack and cutscenes. Visuals are stunning. :),positive,en,8
"Cerita dan voice acting luar biasa, soundtracknya top.",positive,id,8
"Crashes after the latest patch, needs urgent fix.",negative,en,8
"meta Gacha parah, pity gak jelas. Udah tarik berkali-kali tetap gak dapet 5-star. RNG",negative,id,14
"Gacha masih RNG, pity rate low. But storynya bagus sekali. gacha",neutral,mixed,11
"Gameplay turn-based seru, but grinding is brutal.",neutral,mixed,7
"Gameplay turn-based seru, but grinding is brutal. pull :)",neutral,mixed,9
Great soundtrack and cutscenes. Visuals are stunning. :),positive,en,8
"FPS drops on low-end phones, optimization needed.",negative,en,7
"Gacha masih RNG, pity rate low. But storynya bagus sekali.",neutral,mixed,10
"Gacha parah, pity gak jelas. Udah tarik berkali-kali tetap gak dapet 5-star. meta nerf",negative,id,14
"Crashes after the latest patch, needs urgent fix. banner :)",negative,en,10
"buff Karakter baru OP, desainnya memukau. Banner worth to pull.",positive,id,10
"Gacha parah, pity gak jelas. Udah tarik berkali-kali tetap gak dapet 5-star. turn-based nerf",negative,id,14
"Update terbaru banyak bug dan crash, sangat mengecewakan. buff",negative,id,9
"Microtransaction terlalu agresif, berasa pay-to-win.",negative,id,5
"Turn-based combat is smooth, character kit is fun to play. 5-star sustain",positive,en,12
"Gameplay turn-based seru, but grinding is brutal. :)",neutral,mixed,8
"RNG Cerita dan voice acting luar biasa, soundtracknya top. 5-star",positive,id,10
"Great visuals tapi banyak bug setelah update, please fix.",neutral,mixed,9
"Gacha masih RNG, pity rate low. But storynya bagus sekali.",neutral,mixed,10
"Microtransaction terlalu agresif, berasa pay-to-win. pity :)",negative,id,7
"Crashes after the latest patch, needs urgent fix. pull 5-star :)",negative,en,11
"Gacha masih RNG, pity rate low. But storynya bagus sekali.",neutral,mixed,10
"turn-based Good balance overall, not pay-to-win, enjoyed the event. sustain :)",positive,en,11
"Crashes after the latest patch, needs urgent fix.",negative,en,8
"Cerita dan voice acting luar biasa, soundtracknya top. Good balance overall, not pay-to-win, enjoyed the event :)",positive,mixed,17
"Turn-based combat is smooth, character kit is fun to play.",positive,en,10
"Gacha masih RNG, pity rate low. But storynya bagus sekali. banner turn-based",neutral,mixed,12
"banner-rate FPS drops on low-end phones, optimization needed.",negative,en,8
"Update terbaru banyak bug dan crash, sangat mengecewakan. :)",negative,id,9
"banner-rate Update terbaru banyak bug dan crash, sangat mengecewakan.",negative,id,9
"Update terbaru banyak bug dan crash, sangat mengecewakan. Good balance overall, not pay-to-win, enjoyed the event",negative,mixed,16
"Microtransaction terlalu agresif, berasa pay-to-win. RNG",negative,id,6
"meta Turn-based combat is smooth, character kit is fun to play. grinding",positive,en,12
"Server sering lag, loading lama. Grinding terlalu berat.",negative,id,8
"Suka gameplaynya, turn-based yang halus. Tidak ada lag di HP saya.",positive,id,11
"Gameplay turn-based seru, but grinding is brutal. :)",neutral,mixed,8
Great soundtrack and cutscenes. Visuals are stunning.,positive,en,7
"Spent a lot for banner, still no 5-star, sangat kecewa.",neutral,mixed,10
"banner-rate Server sering lag, loading lama. Grinding terlalu berat. buff",negative,id,10
"Spent a lot for banner, still no 5-star, sangat kecewa. :)",neutral,mixed,11
"Cerita dan voice acting luar biasa, soundtracknya top. banner-rate :)",positive,id,10
"sustain Gameplay turn-based seru, but grinding is brutal.",neutral,mixed,8
"sustain Gacha is RNG hell, spent a lot but no pity. Really frustrated. nerf",negative,en,14
"meta nerf Server sering lag, loading lama. Grinding terlalu berat. :)",negative,id,11
"GACHA MASIH RNG, PITY RATE LOW. BUT STORYNYA BAGUS SEKALI.",neutral,mixed,10
"Spent a lot for banner, still no 5-star, sangat kecewa.",neutral,mixed,10
"banner-rate Great soundtrack and cutscenes. Visuals are stunning. Karakter baru OP, desainnya memukau :)",positive,mixed,14
"FPS drops on low-end phones, optimization needed. :)",negative,en,8
"Cerita dan voice acting luar biasa, soundtracknya top. Great soundtrack and cutscenes",positive,mixed,12
"Cerita dan voice acting luar biasa, soundtracknya top. Love the art and story, no lag on my device nerf",positive,mixed,19
"Turn-based combat is smooth, character kit is fun to play. Grafiknya keren banget, storynya bikin betah :)",positive,mixed,17
"Good balance overall, not pay-to-win, enjoyed the event. :)",positive,en,9
"GAMEPLAY TURN-BASED SERU, BUT GRINDING IS BRUTAL. TURN-BASED :)",neutral,mixed,9
"Too much grinding required, stamina system sucks.",negative,en,7
"Turn-based combat is smooth, character kit is fun to play.",positive,en,10
"Suka gameplaynya, turn-based yang halus. Tidak ada lag di HP saya. nerf gacha",positive,id,13
"CRASHES AFTER THE LATEST PATCH, NEEDS URGENT FIX.",negative,en,8
"Grafiknya keren banget, storynya bikin betah. Gacha agak payah tapi masih enjoy.",positive,id,12
"FPS drops on low-end phones, optimization needed. 5-star pity",negative,en,9
"GRAFIKNYA KEREN BANGET, STORYNYA BIKIN BETAH. GACHA AGAK PAYAH TAPI MASIH ENJOY. :)",positive,id,13
"Gacha parah, pity gak jelas. Udah tarik berkali-kali tetap gak dapet 5-star.",negative,id,12
"Crashes after the latest patch, needs urgent fix. meta sustain",negative,en,10
"Gacha masih RNG, pity rate low. But storynya bagus sekali. grinding",neutral,mixed,11
"meta Karakter baru OP, desainnya memukau. Banner worth to pull. Turn-based combat is smooth, character kit is fun to play",positive,mixed,20
"Gacha parah, pity gak jelas. Udah tarik berkali-kali tetap gak dapet 5-star. Good balance overall, not pay-to-win, enjoyed the event :)",negative,mixed,21
"GOOD BALANCE OVERALL, NOT PAY-TO-WIN, ENJOYED THE EVENT. SUKA GAMEPLAYNYA, TURN-BASED YANG HALUS TURN-BASED META",positive,mixed,15
"NERF LOVE THE ART AND STORY, NO LAG ON MY DEVICE. BANNER FELT FAIR THIS TIME.",positive,en,16
"turn-based grinding Server sering lag, loading lama. Grinding terlalu berat.",negative,id,10
"meta turn-based Crashes after the latest patch, needs urgent fix. Cerita dan voice acting luar biasa, soundtracknya top :)",negative,mixed,19
"RNG buff Great visuals tapi banyak bug setelah update, please fix. :)",neutral,mixed,12
"pity Cerita dan voice acting luar biasa, soundtracknya top. pity :)",positive,id,11
"Crashes after the latest patch, needs urgent fix.",negative,en,8
"grinding Great visuals tapi banyak bug setelah update, please fix. :)",neutral,mixed,11
"CERITA DAN VOICE ACTING LUAR BIASA, SOUNDTRACKNYA TOP. TURN-BASED META",positive,id,10
"GREAT VISUALS TAPI BANYAK BUG SETELAH UPDATE, PLEASE FIX.",neutral,mixed,9
"turn-based Great visuals tapi banyak bug setelah update, please fix. grinding :)",neutral,mixed,12
"Cerita dan voice acting luar biasa, soundtracknya top.",positive,id,8
"pity Suka gameplaynya, turn-based yang halus. Tidak ada lag di HP saya. Good balance overall, not pay-to-win, enjoyed the event buff :)",positive,mixed,22
"gacha Turn-based combat is smooth, character kit is fun to play. Karakter baru OP, desainnya memukau",positive,mixed,16
"Microtransaction terlalu agresif, berasa pay-to-win. Turn-based combat is smooth, character kit is fun to play :)",negative,mixed,16
"Turn-based combat is smooth, character kit is fun to play. 5-star pity",positive,en,12
"Love the art and story, no lag on my device. Banner felt fair this time.",positive,en,15
"Too much grinding required, stamina system sucks. pull",negative,en,8
"buff Gameplay turn-based seru, but grinding is brutal. buff :)",neutral,mixed,10
"Gacha masih RNG, pity rate low. But storynya bagus sekali.",neutral,mixed,10
"Gameplay turn-based seru, but grinding is brutal. :)",neutral,mixed,8
"Great visuals tapi banyak bug setelah update, please fix. :)",neutral,mixed,10
"Spent a lot for banner, still no 5-star, sangat kecewa.",neutral,mixed,10
"Great visuals tapi banyak bug setelah update, please fix. :)",neutral,mixed,10
"Love the art and story, no lag on my device. Banner felt fair this time.",positive,en,15
"Great soundtrack and cutscenes. Visuals are stunning. Suka gameplaynya, turn-based yang halus",positive,mixed,12
"Gacha masih RNG, pity rate low. But storynya bagus sekali. RNG pity :)",neutral,mixed,13
"Gameplay turn-based seru, but grinding is brutal. :)",neutral,mixed,8
"pity banner-rate Too much grinding required, stamina system sucks. Suka gameplaynya, turn-based yang halus",negative,mixed,14
"nerf Gacha masih RNG, pity rate low. But storynya bagus sekali. :)",neutral,mixed,12
"Spent a lot for banner, still no 5-star, sangat kecewa. :)",neutral,mixed,11
"Love the art and story, no lag on my device. Banner felt fair this time.",positive,en,15
"GRAFIKNYA KEREN BANGET, STORYNYA BIKIN BETAH. GACHA AGAK PAYAH TAPI MASIH ENJOY.",positive,id,12
"Update terbaru banyak bug dan crash, sangat mengecewakan. turn-based",negative,id,9
"CRASHES AFTER THE LATEST PATCH, NEEDS URGENT FIX. GRAFIKNYA KEREN BANGET, STORYNYA BIKIN BETAH :)",negative,mixed,15
"Karakter baru OP, desainnya memukau. Banner worth to pull. Good balance overall, not pay-to-win, enjoyed the event",positive,mixed,17
"Good balance overall, not pay-to-win, enjoyed the event. banner nerf :)",positive,en,11
"Too much grinding required, stamina system sucks. :)",negative,en,8
"Spent a lot for banner, still no 5-star, sangat kecewa.",neutral,mixed,10
"Crashes after the latest patch, needs urgent fix. Suka gameplaynya, turn-based yang halus buff :)",negative,mixed,15
"Too much grinding required, stamina system sucks. Cerita dan voice acting luar biasa, soundtracknya top turn-based :)",negative,mixed,17
"Grafiknya keren banget, storynya bikin betah. Gacha agak payah tapi masih enjoy. Love the art and story, no lag on my device meta",positive,mixed,23
"Cerita dan voice acting luar biasa, soundtracknya top.",positive,id,8
"Cerita dan voice acting luar biasa, soundtracknya top.",positive,id,8
"banner Spent a lot for banner, still no 5-star, sangat kecewa.",neutral,mixed,11
"Cerita dan voice acting luar biasa, soundtracknya top. Turn-based combat is smooth, character kit is fun to play :)",positive,mixed,19
"Gacha masih RNG, pity rate low. But storynya bagus sekali. RNG turn-based",neutral,mixed,12
"FPS drops on low-end phones, optimization needed. Suka gameplaynya, turn-based yang halus pull buff",negative,mixed,14
"Great visuals tapi banyak bug setelah update, please fix. :)",neutral,mixed,10
"RNG UPDATE TERBARU BANYAK BUG DAN CRASH, SANGAT MENGECEWAKAN. BANNER-RATE",negative,id,10
"nerf Server sering lag, loading lama. Grinding terlalu berat. Great soundtrack and cutscenes",negative,mixed,13
pity Great soundtrack and cutscenes. Visuals are stunning. RNG,positive,en,9
"gacha Suka gameplaynya, turn-based yang halus. Tidak ada lag di HP saya. Good balance overall, not pay-to-win, enjoyed the event nerf",positive,mixed,21
"Crashes after the latest patch, needs urgent fix.",negative,en,8
"Karakter baru OP, desainnya memukau. Banner worth to pull. pull :)",positive,id,11
"Too much grinding required, stamina system sucks. Grafiknya keren banget, storynya bikin betah meta banner :)",negative,mixed,16
"GACHA IS RNG HELL, SPENT A LOT BUT NO PITY. REALLY FRUSTRATED.",negative,en,12
Great soundtrack and cutscenes. Visuals are stunning. :),positive,en,8
"Gameplay turn-based seru, but grinding is brutal. grinding",neutral,mixed,8
Great soundtrack and cutscenes. Visuals are stunning. grinding :),positive,en,9
"Too much grinding required, stamina system sucks.",negative,en,7
"Gacha parah, pity gak jelas. Udah tarik berkali-kali tetap gak dapet 5-star.",negative,id,12
"RNG FPS drops on low-end phones, optimization needed.",negative,en,8
"Great visuals tapi banyak bug setelah update, please fix. :)",neutral,mixed,10
"Great visuals tapi banyak bug setelah update, please fix.",neutral,mixed,9
"Suka gameplaynya, turn-based yang halus. Tidak ada lag di HP saya.",positive,id,11
"Great visuals tapi banyak bug setelah update, please fix. :)",neutral,mixed,10
"Gameplay turn-based seru, but grinding is brutal.",neutral,mixed,7
"Good balance overall, not pay-to-win, enjoyed the event. Grafiknya keren banget, storynya bikin betah",positive,mixed,14
